$__.strictMode,$__.selected,$__.shardval,$__.saveError,$__.validationError,$__.adhocPaths,$__.removing,$__.inserting,$__.saving,$__.version,$__.getters,$__._id._bsontype,$__._id.id.0,$__._id.id.1,$__._id.id.2,$__._id.id.3,$__._id.id.4,$__._id.id.5,$__._id.id.6,$__._id.id.7,$__._id.id.8,$__._id.id.9,$__._id.id.10,$__._id.id.11,$__.populate,$__.populated,$__.wasPopulated,$__.scope,$__.activePaths.paths._id,$__.activePaths.paths.id,$__.activePaths.paths.name,$__.activePaths.paths.email,$__.activePaths.paths.gender,$__.activePaths.paths.status,$__.activePaths.paths.created_at,$__.activePaths.paths.updated_at,$__.activePaths.paths.__v,$__.activePaths.states.ignore,$__.activePaths.states.default,$__.activePaths.states.init._id,$__.activePaths.states.init.id,$__.activePaths.states.init.name,$__.activePaths.states.init.email,$__.activePaths.states.init.gender,$__.activePaths.states.init.status,$__.activePaths.states.init.created_at,$__.activePaths.states.init.updated_at,$__.activePaths.states.init.__v,$__.activePaths.states.modify,$__.activePaths.states.require,$__.activePaths.stateNames,$__.pathsToScopes,$__.cachedRequired,$__.session,$__.$setCalled,$__.ownerDocument,$__.fullPath,$__.emitter._events,$__.emitter._eventsCount,$__.emitter._maxListeners,$__.$options.skipId,$__.$options.isNew,$__.$options.willInit,$__.$options.defaults,isNew,errors,$locals,$op,_doc._id._bsontype,_doc._id.id.0,_doc._id.id.1,_doc._id.id.2,_doc._id.id.3,_doc._id.id.4,_doc._id.id.5,_doc._id.id.6,_doc._id.id.7,_doc._id.id.8,_doc._id.id.9,_doc._id.id.10,_doc._id.id.11,_doc.id,_doc.name,_doc.email,_doc.gender,_doc.status,_doc.created_at,_doc.updated_at,_doc.__v,$init
true,{},undefined,undefined,undefined,undefined,undefined,undefined,undefined,undefined,{},ObjectID,96,91,141,65,53,174,197,39,41,200,47,46,undefined,undefined,false,undefined,init,init,init,init,init,init,init,init,init,{},{},true,true,true,true,true,true,true,true,true,{},{},"[""require"",""modify"",""init"",""default"",""ignore""]",{},{},null,{},undefined,undefined,{},0,0,true,false,true,true,false,undefined,{},null,ObjectID,96,91,141,65,53,174,197,39,41,200,47,46,96,Budhil Mahajan,mahajan_budhil@lubowitz.co,Male,Inactive,Wed Mar 24 2021 03:50:05 GMT+0530 (India Standard Time),Wed Mar 24 2021 03:50:05 GMT+0530 (India Standard Time),0,true
true,{},undefined,undefined,undefined,undefined,undefined,undefined,undefined,undefined,{},ObjectID,96,91,141,65,53,174,197,39,41,200,47,47,undefined,undefined,false,undefined,init,init,init,init,init,init,init,init,init,{},{},true,true,true,true,true,true,true,true,true,{},{},"[""require"",""modify"",""init"",""default"",""ignore""]",{},{},null,{},undefined,undefined,{},0,0,true,false,true,true,false,undefined,{},null,ObjectID,96,91,141,65,53,174,197,39,41,200,47,47,97,Shreya Kocchar,kocchar_shreya@kilback.com,Male,Active,Wed Mar 24 2021 03:50:05 GMT+0530 (India Standard Time),Wed Mar 24 2021 03:50:05 GMT+0530 (India Standard Time),0,true
true,{},undefined,undefined,undefined,undefined,undefined,undefined,undefined,undefined,{},ObjectID,96,91,141,65,53,174,197,39,41,200,47,48,undefined,undefined,false,undefined,init,init,init,init,init,init,init,init,init,{},{},true,true,true,true,true,true,true,true,true,{},{},"[""require"",""modify"",""init"",""default"",""ignore""]",{},{},null,{},undefined,undefined,{},0,0,true,false,true,true,false,undefined,{},null,ObjectID,96,91,141,65,53,174,197,39,41,200,47,48,98,Prof. Abhaidev Varmaaaa,abhaidev_prof_varma@yundt-bergnaum.com,Male,Inactive,Wed Mar 24 2021 03:50:05 GMT+0530 (India Standard Time),Wed Mar 24 2021 20:36:20 GMT+0530 (India Standard Time),0,true
true,{},undefined,undefined,undefined,undefined,undefined,undefined,undefined,undefined,{},ObjectID,96,91,141,65,53,174,197,39,41,200,47,49,undefined,undefined,false,undefined,init,init,init,init,init,init,init,init,init,{},{},true,true,true,true,true,true,true,true,true,{},{},"[""require"",""modify"",""init"",""default"",""ignore""]",{},{},null,{},undefined,undefined,{},0,0,true,false,true,true,false,undefined,{},null,ObjectID,96,91,141,65,53,174,197,39,41,200,47,49,99,Bhoopati Ahuja,ahuja_bhoopati@rogahn.net,Male,Active,Wed Mar 24 2021 03:50:05 GMT+0530 (India Standard Time),Wed Mar 24 2021 03:50:05 GMT+0530 (India Standard Time),0,true
true,{},undefined,undefined,undefined,undefined,undefined,undefined,undefined,undefined,{},ObjectID,96,91,141,65,53,174,197,39,41,200,47,50,undefined,undefined,false,undefined,init,init,init,init,init,init,init,init,init,{},{},true,true,true,true,true,true,true,true,true,{},{},"[""require"",""modify"",""init"",""default"",""ignore""]",{},{},null,{},undefined,undefined,{},0,0,true,false,true,true,false,undefined,{},null,ObjectID,96,91,141,65,53,174,197,39,41,200,47,50,101,Ganapati Arora Sr.,sr_arora_ganapati@rau.com,Female,Inactive,Wed Mar 24 2021 03:50:05 GMT+0530 (India Standard Time),Wed Mar 24 2021 03:50:05 GMT+0530 (India Standard Time),0,true
true,{},undefined,undefined,undefined,undefined,undefined,undefined,undefined,undefined,{},ObjectID,96,91,141,65,53,174,197,39,41,200,47,51,undefined,undefined,false,undefined,init,init,init,init,init,init,init,init,init,{},{},true,true,true,true,true,true,true,true,true,{},{},"[""require"",""modify"",""init"",""default"",""ignore""]",{},{},null,{},undefined,undefined,{},0,0,true,false,true,true,false,undefined,{},null,ObjectID,96,91,141,65,53,174,197,39,41,200,47,51,102,Anjushree Marar,marar_anjushree@hammes-pacocha.co,Male,Active,Wed Mar 24 2021 03:50:05 GMT+0530 (India Standard Time),Wed Mar 24 2021 03:50:05 GMT+0530 (India Standard Time),0,true
true,{},undefined,undefined,undefined,undefined,undefined,undefined,undefined,undefined,{},ObjectID,96,91,141,65,53,174,197,39,41,200,47,52,undefined,undefined,false,undefined,init,init,init,init,init,init,init,init,init,{},{},true,true,true,true,true,true,true,true,true,{},{},"[""require"",""modify"",""init"",""default"",""ignore""]",{},{},null,{},undefined,undefined,{},0,0,true,false,true,true,false,undefined,{},null,ObjectID,96,91,141,65,53,174,197,39,41,200,47,52,103,Amrit Jain2,jain_amrit@hermiston.io,Female,Active,Wed Mar 24 2021 03:50:05 GMT+0530 (India Standard Time),Wed Mar 24 2021 13:09:29 GMT+0530 (India Standard Time),0,true
true,{},undefined,undefined,undefined,undefined,undefined,undefined,undefined,undefined,{},ObjectID,96,91,141,65,53,174,197,39,41,200,47,53,undefined,undefined,false,undefined,init,init,init,init,init,init,init,init,init,{},{},true,true,true,true,true,true,true,true,true,{},{},"[""require"",""modify"",""init"",""default"",""ignore""]",{},{},null,{},undefined,undefined,{},0,0,true,false,true,true,false,undefined,{},null,ObjectID,96,91,141,65,53,174,197,39,41,200,47,53,104,Sudeva Sharma Esq.,sudeva_sharma_esq@prohaska.io,Male,Active,Wed Mar 24 2021 03:50:05 GMT+0530 (India Standard Time),Wed Mar 24 2021 03:50:05 GMT+0530 (India Standard Time),0,true
true,{},undefined,undefined,undefined,undefined,undefined,undefined,undefined,undefined,{},ObjectID,96,91,141,65,53,174,197,39,41,200,47,54,undefined,undefined,false,undefined,init,init,init,init,init,init,init,init,init,{},{},true,true,true,true,true,true,true,true,true,{},{},"[""require"",""modify"",""init"",""default"",""ignore""]",{},{},null,{},undefined,undefined,{},0,0,true,false,true,true,false,undefined,{},null,ObjectID,96,91,141,65,53,174,197,39,41,200,47,54,105,Mr. Leela Pilla,leela_mr_pilla@homenick.co,Female,Inactive,Wed Mar 24 2021 03:50:05 GMT+0530 (India Standard Time),Wed Mar 24 2021 03:50:05 GMT+0530 (India Standard Time),0,true
true,{},undefined,undefined,undefined,undefined,undefined,undefined,undefined,undefined,{},ObjectID,96,91,141,65,53,174,197,39,41,200,47,55,undefined,undefined,false,undefined,init,init,init,init,init,init,init,init,init,{},{},true,true,true,true,true,true,true,true,true,{},{},"[""require"",""modify"",""init"",""default"",""ignore""]",{},{},null,{},undefined,undefined,{},0,0,true,false,true,true,false,undefined,{},null,ObjectID,96,91,141,65,53,174,197,39,41,200,47,55,106,Tushar Kakkar,kakkar_tushar@christiansen.net,Male,Inactive,Wed Mar 24 2021 03:50:05 GMT+0530 (India Standard Time),Wed Mar 24 2021 03:50:05 GMT+0530 (India Standard Time),0,true
true,{},undefined,undefined,undefined,undefined,undefined,undefined,undefined,undefined,{},ObjectID,96,91,141,65,53,174,197,39,41,200,47,56,undefined,undefined,false,undefined,init,init,init,init,init,init,init,init,init,{},{},true,true,true,true,true,true,true,true,true,{},{},"[""require"",""modify"",""init"",""default"",""ignore""]",{},{},null,{},undefined,undefined,{},0,0,true,false,true,true,false,undefined,{},null,ObjectID,96,91,141,65,53,174,197,39,41,200,47,56,107,Dharmaketu Somayaji,dharmaketu_somayaji@feeney.name,Female,Inactive,Wed Mar 24 2021 03:50:05 GMT+0530 (India Standard Time),Wed Mar 24 2021 03:50:05 GMT+0530 (India Standard Time),0,true
true,{},undefined,undefined,undefined,undefined,undefined,undefined,undefined,undefined,{},ObjectID,96,91,141,65,53,174,197,39,41,200,47,57,undefined,undefined,false,undefined,init,init,init,init,init,init,init,init,init,{},{},true,true,true,true,true,true,true,true,true,{},{},"[""require"",""modify"",""init"",""default"",""ignore""]",{},{},null,{},undefined,undefined,{},0,0,true,false,true,true,false,undefined,{},null,ObjectID,96,91,141,65,53,174,197,39,41,200,47,57,108,Tanushri Gupta,gupta_tanushri@cormier-graham.co,Male,Active,Wed Mar 24 2021 03:50:05 GMT+0530 (India Standard Time),Wed Mar 24 2021 03:50:05 GMT+0530 (India Standard Time),0,true
true,{},undefined,undefined,undefined,undefined,undefined,undefined,undefined,undefined,{},ObjectID,96,91,141,65,53,174,197,39,41,200,47,58,undefined,undefined,false,undefined,init,init,init,init,init,init,init,init,init,{},{},true,true,true,true,true,true,true,true,true,{},{},"[""require"",""modify"",""init"",""default"",""ignore""]",{},{},null,{},undefined,undefined,{},0,0,true,false,true,true,false,undefined,{},null,ObjectID,96,91,141,65,53,174,197,39,41,200,47,58,109,Chandini Jha,chandini_jha@mann-casper.biz,Male,Inactive,Wed Mar 24 2021 03:50:05 GMT+0530 (India Standard Time),Wed Mar 24 2021 03:50:05 GMT+0530 (India Standard Time),0,true
true,{},undefined,undefined,undefined,undefined,undefined,undefined,undefined,undefined,{},ObjectID,96,91,141,65,53,174,197,39,41,200,47,59,undefined,undefined,false,undefined,init,init,init,init,init,init,init,init,init,{},{},true,true,true,true,true,true,true,true,true,{},{},"[""require"",""modify"",""init"",""default"",""ignore""]",{},{},null,{},undefined,undefined,{},0,0,true,false,true,true,false,undefined,{},null,ObjectID,96,91,141,65,53,174,197,39,41,200,47,59,110,Girindra Kaur,girindra_kaur@ebert.net,Female,Active,Wed Mar 24 2021 03:50:05 GMT+0530 (India Standard Time),Wed Mar 24 2021 03:50:05 GMT+0530 (India Standard Time),0,true
true,{},undefined,undefined,undefined,undefined,undefined,undefined,undefined,undefined,{},ObjectID,96,91,141,65,53,174,197,39,41,200,47,60,undefined,undefined,false,undefined,init,init,init,init,init,init,init,init,init,{},{},true,true,true,true,true,true,true,true,true,{},{},"[""require"",""modify"",""init"",""default"",""ignore""]",{},{},null,{},undefined,undefined,{},0,0,true,false,true,true,false,undefined,{},null,ObjectID,96,91,141,65,53,174,197,39,41,200,47,60,111,Prof. Aashritha Shah,shah_prof_aashritha@upton.biz,Female,Active,Wed Mar 24 2021 03:50:05 GMT+0530 (India Standard Time),Wed Mar 24 2021 03:50:05 GMT+0530 (India Standard Time),0,true
true,{},undefined,undefined,undefined,undefined,undefined,undefined,undefined,undefined,{},ObjectID,96,91,141,65,53,174,197,39,41,200,47,61,undefined,undefined,false,undefined,init,init,init,init,init,init,init,init,init,{},{},true,true,true,true,true,true,true,true,true,{},{},"[""require"",""modify"",""init"",""default"",""ignore""]",{},{},null,{},undefined,undefined,{},0,0,true,false,true,true,false,undefined,{},null,ObjectID,96,91,141,65,53,174,197,39,41,200,47,61,112,Somnath Saini,saini_somnath@friesen.org,Female,Active,Wed Mar 24 2021 03:50:05 GMT+0530 (India Standard Time),Wed Mar 24 2021 03:50:05 GMT+0530 (India Standard Time),0,true
true,{},undefined,undefined,undefined,undefined,undefined,undefined,undefined,undefined,{},ObjectID,96,91,141,65,53,174,197,39,41,200,47,62,undefined,undefined,false,undefined,init,init,init,init,init,init,init,init,init,{},{},true,true,true,true,true,true,true,true,true,{},{},"[""require"",""modify"",""init"",""default"",""ignore""]",{},{},null,{},undefined,undefined,{},0,0,true,false,true,true,false,undefined,{},null,ObjectID,96,91,141,65,53,174,197,39,41,200,47,62,113,Chidaakaash Nambeesan PhD,chidaakaash_phd_nambeesan@kautzer-ziemann.io,Male,Active,Wed Mar 24 2021 03:50:05 GMT+0530 (India Standard Time),Wed Mar 24 2021 03:50:05 GMT+0530 (India Standard Time),0,true
true,{},undefined,undefined,undefined,undefined,undefined,undefined,undefined,undefined,{},ObjectID,96,91,141,65,53,174,197,39,41,200,47,63,undefined,undefined,false,undefined,init,init,init,init,init,init,init,init,init,{},{},true,true,true,true,true,true,true,true,true,{},{},"[""require"",""modify"",""init"",""default"",""ignore""]",{},{},null,{},undefined,undefined,{},0,0,true,false,true,true,false,undefined,{},null,ObjectID,96,91,141,65,53,174,197,39,41,200,47,63,115,Diksha Rana DO,rana_diksha_do@casper.com,Female,Active,Wed Mar 24 2021 03:50:05 GMT+0530 (India Standard Time),Wed Mar 24 2021 03:50:05 GMT+0530 (India Standard Time),0,true
true,{},undefined,undefined,undefined,undefined,undefined,undefined,undefined,undefined,{},ObjectID,96,91,141,65,53,174,197,39,41,200,47,64,undefined,undefined,false,undefined,init,init,init,init,init,init,init,init,init,{},{},true,true,true,true,true,true,true,true,true,{},{},"[""require"",""modify"",""init"",""default"",""ignore""]",{},{},null,{},undefined,undefined,{},0,0,true,false,true,true,false,undefined,{},null,ObjectID,96,91,141,65,53,174,197,39,41,200,47,64,116,Agniprava Ahluwalia,ahluwalia_agniprava@becker.co,Male,Active,Wed Mar 24 2021 03:50:05 GMT+0530 (India Standard Time),Wed Mar 24 2021 03:50:05 GMT+0530 (India Standard Time),0,true
true,{},undefined,undefined,undefined,undefined,undefined,undefined,undefined,undefined,{},ObjectID,96,91,141,65,53,174,197,39,41,200,47,65,undefined,undefined,false,undefined,init,init,init,init,init,init,init,init,init,{},{},true,true,true,true,true,true,true,true,true,{},{},"[""require"",""modify"",""init"",""default"",""ignore""]",{},{},null,{},undefined,undefined,{},0,0,true,false,true,true,false,undefined,{},null,ObjectID,96,91,141,65,53,174,197,39,41,200,47,65,117,Aatmaj Acharya Esq.,aatmaj_acharya_esq@harber-hane.com,Female,Active,Wed Mar 24 2021 03:50:05 GMT+0530 (India Standard Time),Wed Mar 24 2021 03:50:05 GMT+0530 (India Standard Time),0,true